row	col	cluster
AAACCTAAGCAGCCGG-1	65	83	1
AAACGGGCGTACGGGT-1	65	91	1
AAATCCGATACACGCC-1	65	87	1
AACCTCGCTTTAGCCC-1	62	82	1
AATCGTGAGCCGAGCA-1	67	83	1
AATTAACGGATTTCCA-1	58	66	1
ACAAGGATGCTTTAGG-1	61	87	1
ACGGACTCTCAAAGCG-1	61	75	1
AGCTAAGTACGCAGGC-1	64	86	1
AGGCCTGAGAATCTCG-1	62	88	1
AGTGGCGTCTGAAGGT-1	62	86	1
AGTTTGCACCTGCCTC-1	58	74	1
ATAATCTTGGAGAACC-1	61	77	1
ATATAAAGCGCTCGTG-1	58	68	1
ATTCATCGTTGAGGCA-1	61	89	1
ATTGCCTTTATGTTTG-1	64	84	1
CCCAAGTCATTACACT-1	68	96	1
CCTGGTCGAATGTGGG-1	59	69	1
CGAGAGCTTTCACTAC-1	64	88	1
CGCCCAGCGTTTCACG-1	65	89	1
CGTTAATGTCCCGACG-1	59	87	1
CTAGTAGAAAGGGATT-1	63	81	1
CTCAACTAACCCGGAT-1	63	85	1
CTTAGTGTAGTAGCAT-1	61	83	1
CTTGATGACCATCCAG-1	70	98	1
GAACAACTGGGATGAA-1	67	85	1
GAACCTTTAACGATCC-1	63	79	1
GAGTGTCAACCAGAAA-1	63	83	1
GGCGTAGGGAAAGCTG-1	64	82	1
GGGAAGGGCTTTCTCA-1	63	87	1
GGGCGTGGTTTCCCAG-1	61	81	1
GTGATCCTTGTCATGA-1	62	84	1
GTGTATATCAGCGGGC-1	58	76	1
TACAAGGGCTTCTTTA-1	68	94	1
TGCAATCTAACACGGT-1	62	90	1
TGGACCAATCTAAGAT-1	62	80	1
TTAAGTATTGTTATCC-1	64	90	1
TTGACCAGGAACAACT-1	64	80	1
